{
    "clasificador": {
        "accuracy": 0.5253333333333333,
        "precision": 0.5273560945624965,
        "recall": 0.5253333333333333,
        "f1": 0.4982872626458403
    },
    "predictor": {
        "mse": 9.354739887486463e-05,
        "rmse": 0.009671990429837317,
        "mae": 0.00755528558604309,
        "r2": 0.9952811160146351
    },
    "explicador": {
        "mae": 1.84622222220739,
        "r2": -3.5196077823638916
    },
    "generador": {
        "mse": 0.005032512270009217,
        "rmse": 0.07094020207195083,
        "mae": 0.054838208299130206,
        "r2": 0.916781442287683
    }
}